source,section,text
Eliteverse-Heroes-Villains-A-G.docx,,"Here is a collection of over 900 heroes, villains, and everyone in between. Most of the beings here received their powers through bloodline unless stated otherwise in their biographies. When the angels and demons fell to Earth after the Great War of Heaven, the two groups of falling beings mated wit"
Eliteverse-Heroes-Villains-A-G.docx,Galatic Beings (27),"Insectoids that appear across numerous worlds to drain them of their resources. They appear as insects found on worlds like Earth. Often speaking in slow languages, these creatures are enemies to the Omegadroids and Alphadroids and are often fighting them to take over their respective worlds. There "
Eliteverse-Heroes-Villains-A-G.docx,Glory of Light (6),"Liden Bell has been seen as a force since his high school days, but was always mistaken for a bad guy because of his ill tempered nature and his destructive abilities. While running from mutant hunters, Liden, now known as Shaker met with the Green Alien to become part of the Glory of Light."
Eliteverse-Heroes-Villains-H-N.docx,,"Here is a collection of over 900 heroes, villains, and everyone in between. Most of the beings here received their powers through bloodline unless stated otherwise in their biographies. When the angels and demons fell to Earth after the Great War of Heaven, the two groups of falling beings mated wit"
Eliteverse-Heroes-Villains-O-S.docx,,"Here is a collection of over 900 heroes, villains, and everyone in between. Most of the beings here received their powers through bloodline unless stated otherwise in their biographies. When the angels and demons fell to Earth after the Great War of Heaven, the two groups of falling beings mated wit"
Eliteverse-Heroes-Villains-O-S.docx,Shadow Haven (9),"A skilled fighter, Jeoule Rodivas has been through a lot as a kid, being raised in a poor stricken neighborhood in Cuba. Jeoule grew up learning how to use his abilities to fight off those that caused harm to him and his family. Watching his family die in front of him, Jeoule now known as Radar met "
Eliteverse-Heroes-Villains-Solo-Characters.docx,,"Here is a collection of over 900 heroes, villains, and everyone in between. Most of the beings here received their powers through bloodline unless stated otherwise in their biographies. When the angels and demons fell to Earth after the Great War of Heaven, the two groups of falling beings mated wit"
Eliteverse-Heroes-Villains-T.docx,,"Here is a collection of over 900 heroes, villains, and everyone in between. Most of the beings here received their powers through bloodline unless stated otherwise in their biographies. When the angels and demons fell to Earth after the Great War of Heaven, the two groups of falling beings mated wit"
Eliteverse-Heroes-Villains-U-Z.docx,,"Here is a collection of over 900 heroes, villains, and everyone in between. Most of the beings here received their powers through bloodline unless stated otherwise in their biographies. When the angels and demons fell to Earth after the Great War of Heaven, the two groups of falling beings mated wit"
